Semester,Semester Credits,Semester Credits Cleared,SPI,Total Credits,Total Credits Cleared,CPI
1,49,49,4.489795918367347,49,49,4.489795918367347
2,44,44,5.068181818181818,93,93,4.763440860215054
3,46,46,4.565217391304348,139,139,4.697841726618705
4,46,46,5.065217391304348,185,185,4.789189189189189
5,39,39,2.1538461538461537,224,224,4.330357142857143
6,40,40,0.0,264,264,3.6742424242424248
7,39,39,1.2307692307692308,303,303,3.35973597359736
