Semester,Semester Credits,Semester Credits Cleared,SPI,Total Credits,Total Credits Cleared,CPI
1,49,49,4.040816326530612,49,49,4.040816326530612
2,44,44,3.8863636363636362,93,93,3.967741935483871
3,46,46,2.847826086956522,139,139,3.597122302158273
4,46,46,4.8478260869565215,185,185,3.908108108108108
