Semester,Semester Credits,Semester Credits Cleared,SPI,Total Credits,Total Credits Cleared,CPI
1,49,49,4.73469387755102,49,49,4.73469387755102
2,44,44,4.568181818181818,93,93,4.655913978494624
3,47,47,5.595744680851064,140,140,4.9714285714285715
4,49,49,5.530612244897959,189,189,5.116402116402116
5,52,52,2.8846153846153846,241,241,4.634854771784233
6,46,46,0.0,287,287,3.8919860627177703
