Semester,Semester Credits,Semester Credits Cleared,SPI,Total Credits,Total Credits Cleared,CPI
1,49,49,5.571428571428571,49,49,5.571428571428571
2,44,44,5.840909090909091,93,93,5.698924731182796
3,43,43,5.627906976744186,136,136,5.676470588235294
4,47,47,2.2127659574468086,183,183,4.786885245901639
5,25,25,0.0,208,208,4.211538461538462
