Semester,Semester Credits,Semester Credits Cleared,SPI,Total Credits,Total Credits Cleared,CPI
1,49,49,4.612244897959184,49,49,4.612244897959184
2,44,44,4.0227272727272725,93,93,4.333333333333333
3,47,47,4.382978723404255,140,140,4.35
4,49,49,4.816326530612245,189,189,4.470899470899471
