Semester,Semester Credits,Semester Credits Cleared,SPI,Total Credits,Total Credits Cleared,CPI
1,49,49,8.73469387755102,49,49,8.73469387755102
2,44,44,8.681818181818182,93,93,8.709677419354838
3,47,47,9.595744680851064,140,140,9.007142857142858
4,49,49,9.122448979591837,189,189,9.037037037037038
5,52,52,9.307692307692308,241,241,9.095435684647304
6,46,46,9.782608695652174,287,287,9.205574912891988
7,40,40,9.55,327,327,9.24770642201835
8,40,40,9.55,367,367,9.28065395095368
